0.0,0.78,1.56,2.34,3.13,3.91,4.69,5.47,6.25,7.03,7.81,8.59,9.38,10.16,10.94,11.72,12.5,13.28,14.06,14.84,15.63,16.41,17.19,17.97,18.75,19.53,20.31,21.09,21.87,22.66,23.44,24.22,25.0,25.78,26.56,27.34,28.12,28.91,29.69,30.47,31.25,32.03,32.81,33.59,34.38,35.16,35.94,36.72,37.5,38.28,39.06,39.84,40.63,41.41,42.19,42.97,43.75,44.53,45.31,46.09,46.88,47.66,48.44,49.22,2.938
8.3049,7.5683,3.9972,2.7034,3.2714,3.419,3.4641,5.165,6.6173,6.4274,4.3803,3.3309,2.6162,3.0413,2.3233,2.2337,2.2378,2.5349,3.2076,3.0783,2.6278,2.0613,3.9293,5.0376,4.3679,4.4438,3.8988,1.9702,2.6952,3.1719,2.2949,3.8412,2.8384,3.2716,3.2844,1.3192,3.4513,3.0833,4.4087,7.7909,8.3341,7.4019,3.0498,3.4099,3.6606,2.5569,3.7967,3.3887,3.8522,4.0452,3.1405,2.5405,3.1687,2.9965,3.507,4.2594,5.222,5.3965,3.7984,2.6932,2.8312,3.0286,2.8409,3.2113,
8.3006,7.5697,1.4489,3.1236,2.5264,2.9878,3.718,5.2609,6.6216,6.4112,4.3037,3.0079,3.0212,1.965,2.9233,2.631,3.1539,3.158,1.8564,1.6914,2.3916,1.485,4.1057,4.9885,4.4663,4.52,3.8048,3.216,2.4551,2.894,3.2288,2.8267,3.859,1.7983,2.9194,2.2351,3.6678,3.2664,4.5573,7.7831,8.3352,7.4136,2.1464,3.0702,3.7074,3.2848,3.0572,2.9,4.3301,3.5272,3.4833,3.4374,1.6107,3.1572,3.8061,3.8367,5.2655,5.3452,4.0744,2.9944,1.9573,2.3486,2.5923,3.2618,
8.303,7.5739,2.9021,2.9633,2.6752,3.3284,3.8957,5.0614,6.6007,6.4235,4.4454,3.7799,3.1758,2.0974,2.0492,3.1119,2.3697,3.0974,2.5238,2.6248,3.3079,3.3717,3.9321,5.0049,4.1116,4.4655,4.0199,2.8655,3.1121,3.0714,2.6745,3.4659,3.4487,3.4322,2.9784,2.996,3.2963,4.0602,5.0057,7.7934,8.3333,7.3883,4.5493,4.0082,3.3697,3.3392,3.3937,3.6704,4.0223,3.7622,1.8168,3.5268,3.032,1.8266,4.0982,3.5641,5.1299,5.4131,3.7475,3.3221,3.3149,2.6954,2.3326,3.3541,
8.2997,7.5704,1.0616,3.053,2.9637,2.6922,3.6439,5.1725,6.5901,6.4464,4.8009,3.097,1.5479,2.8926,2.9887,3.0487,2.5956,3.4118,1.93,2.7495,1.8801,2.7234,4.2189,5.0165,4.6326,4.4452,4.1229,3.1841,3.1381,2.635,3.3028,3.0988,3.6119,3.3206,2.6203,3.7312,2.6709,3.1787,5.1275,7.8066,8.3321,7.377,4.2334,2.6954,3.2945,3.8222,2.6242,1.9503,4.352,3.4448,3.491,2.9381,3.4482,2.4904,4.0648,3.9185,5.2373,5.372,4.4064,2.191,2.8857,2.0001,2.417,2.9972,
8.3003,7.5726,2.1723,2.7693,2.2019,2.9787,3.7678,5.3936,6.6315,6.3914,4.4072,2.1523,2.4904,3.0381,2.155,2.823,2.7468,3.1615,2.1451,2.1751,1.7305,3.0078,3.8945,5.0484,4.8382,4.5469,4.0576,2.3845,2.5175,2.3813,3.4587,3.2074,3.7353,3.0115,2.404,3.5939,2.4966,3.0383,4.6696,7.7768,8.3361,7.4247,3.6557,3.572,3.0801,3.5714,3.4638,2.128,4.3886,3.5191,3.6012,3.0029,2.8873,1.6357,4.0466,4.2501,5.3597,5.3582,4.0544,2.8529,2.4058,1.9955,2.1531,2.9853,
8.3012,7.574,1.9684,0.6754,3.4007,1.6597,3.6195,5.2792,6.6053,6.4406,4.699,3.3948,1.8507,2.6699,3.3228,3.1602,1.9892,3.2752,2.8902,2.826,1.7205,3.151,3.9813,5.0429,4.6382,4.5342,3.6937,3.3003,1.4687,2.9658,2.8167,3.2096,3.6244,1.5723,3.6593,2.728,2.9072,3.6075,4.9621,7.7997,8.3334,7.3925,3.427,3.3331,3.7113,2.9148,3.5629,3.2626,4.1612,3.5616,3.2316,2.8587,2.9134,2.9389,3.5639,4.4079,5.2013,5.4406,4.0431,3.3867,2.3866,3.1106,3.325,3.3768,
8.3015,7.5719,1.7143,1.1764,2.6661,2.6928,3.8917,5.219,6.6288,6.3747,4.2048,2.5244,3.2223,2.3896,1.7641,2.7524,2.9562,3.0967,1.8656,2.9384,2.7937,2.7843,3.9613,5.0052,4.5299,4.5615,3.6226,2.6472,3.1818,3.0643,2.2869,2.5974,3.7745,2.2882,3.0401,3.199,3.3932,2.2248,4.5929,7.7684,8.3367,7.4265,4.1405,3.0173,3.558,3.1726,3.1962,3.2132,4.1874,2.3471,2.4535,2.6683,3.1519,3.1425,3.6326,3.9845,5.2918,5.3125,3.7762,3.131,2.3484,2.565,1.0777,3.0427,
8.3016,7.5751,1.9956,1.1687,3.4758,3.2664,3.5914,5.3353,6.6312,6.3916,4.5212,3.4643,2.2513,2.3383,3.0361,3.0144,2.4839,3.1219,2.5598,2.5763,2.902,3.2143,4.2108,4.9589,4.6478,4.4227,3.6464,3.3315,2.7593,2.6165,3.032,2.3561,3.7978,3.2802,3.3178,2.8935,3.6951,3.5208,4.8345,7.7733,8.336,7.4265,3.8186,3.7289,4.0185,2.9247,3.1031,2.5855,4.2956,2.5955,3.0279,2.9693,3.0532,3.2276,3.6596,4.0126,5.3333,5.334,4.2888,2.8362,2.401,2.9194,1.2489,2.6782,
8.3016,7.5744,2.2308,2.8084,2.8058,3.0035,3.9654,5.3067,6.6073,6.4482,4.7382,2.7585,1.7656,2.4601,2.8142,2.8874,2.9118,2.8702,2.2737,2.9826,2.6833,3.2713,4.2186,5.0658,4.6478,4.6543,4.1135,3.2667,3.123,2.6784,2.5637,3.2039,3.793,2.5946,3.549,3.0602,3.161,2.6031,4.895,7.8031,8.3332,7.3919,3.803,2.5745,3.6032,3.44,3.6947,2.8102,4.2013,3.5743,2.9449,2.9703,2.2374,3.5391,3.9262,4.5237,5.2057,5.4603,4.1869,3.4277,0.7908,3.1644,3.0578,2.7935,
8.3046,7.5727,3.0151,2.65,2.9463,2.931,3.2691,5.3297,6.6165,6.3809,3.5658,2.9363,3.1704,2.4464,2.8471,3.2749,3.4798,3.2334,2.8009,2.8803,2.3386,3.6695,3.7969,4.8398,4.4374,4.4229,3.6009,3.3572,3.0535,2.9907,2.9202,3.6718,2.0353,3.4488,3.1873,2.816,3.6863,3.4157,4.1514,7.7709,8.3348,7.4269,2.7715,3.4212,3.857,2.8735,2.6886,3.6636,3.5315,3.7749,2.9947,2.3635,3.3071,2.6426,3.2086,3.9935,5.2138,5.2792,3.5227,3.3407,2.0264,2.7125,1.8539,2.484,
8.3051,7.568,2.4951,3.2578,2.7916,3.3326,3.97,4.8362,6.5634,6.4792,4.6718,3.2935,3.3442,3.3451,2.9665,2.8107,3.5604,2.2847,3.3097,2.8167,3.1109,2.8337,4.2275,5.0297,4.0304,4.3649,4.0885,2.8659,3.3001,1.4424,3.2528,3.1242,3.5836,3.2456,3.533,3.6823,3.5942,3.8235,5.0305,7.823,8.3298,7.3478,4.4706,3.6583,3.4773,3.5661,3.6873,3.7155,4.0138,3.3787,3.5635,2.6251,3.0695,2.4188,4.1976,3.3342,5.0243,5.4491,4.057,1.9347,3.5956,3.2556,3.1984,2.4635,
8.3038,7.5752,3.9115,3.0369,1.8617,3.2925,3.9709,5.1442,6.5633,6.4945,4.6805,2.9358,2.9849,3.2635,2.7003,2.6681,2.7673,3.5148,2.3362,3.1842,2.9688,3.2,4.4469,5.0129,4.4799,4.2822,4.3733,2.5308,3.5905,2.6071,3.5884,3.6712,3.1969,3.5434,3.1066,3.7247,3.86,2.5601,4.8331,7.8237,8.3294,7.3615,3.5337,3.0868,3.8597,3.759,3.4051,3.5157,3.6271,3.8629,3.1715,2.05,3.1785,2.8072,4.2167,4.0921,5.1318,5.4627,4.3143,3.0959,1.9062,3.1872,2.6429,3.0164,
8.3043,7.5706,3.7845,2.6642,2.9606,3.602,3.932,4.9701,6.5724,6.4526,4.4216,3.4003,1.7111,2.2422,2.6903,3.2794,2.6851,2.7404,2.7041,2.4557,2.7723,3.2128,4.3261,5.0057,4.2114,4.532,3.8769,2.4478,3.1325,2.6378,2.214,3.8359,2.2165,3.2378,3.0667,3.1779,1.0414,2.9207,4.6735,7.8084,8.3307,7.3714,3.8361,3.9686,3.0607,3.2243,3.6808,3.4416,3.6256,4.1059,3.2826,3.2222,3.1282,3.252,3.8839,3.9378,5.1955,5.3903,4.1654,3.6735,1.834,2.5091,3.0712,2.0215,
8.3029,7.5746,3.5136,2.9872,3.0345,3.5608,3.6276,5.4772,6.6093,6.417,4.1281,3.5581,3.2582,3.4931,2.6547,2.4402,2.0702,3.0865,3.1758,3.0267,3.4907,2.652,4.2629,4.8834,4.8634,4.4685,3.929,3.2853,3.589,2.9453,3.772,3.8374,3.3405,2.6796,3.1247,3.7329,4.1194,4.0745,4.4041,7.7871,8.3333,7.4218,3.3377,4.2018,4.1079,3.8571,2.8318,3.2724,3.8194,3.7067,3.646,3.0833,3.0016,3.6327,3.7151,4.5317,5.3009,5.3538,4.2586,2.8484,2.8666,3.3036,2.3143,3.1772,
8.3029,7.5706,3.015,3.5245,3.2743,3.2383,3.657,5.0367,6.5562,6.4936,4.4616,3.8458,3.8333,2.7932,2.5997,3.4002,1.4027,3.7112,2.3378,2.9427,3.1973,3.5152,4.1782,4.9981,4.1065,4.2031,4.3642,3.4028,1.6394,3.4402,3.2214,3.7294,3.6508,3.7138,3.5318,3.4715,4.2721,4.3678,4.3841,7.8237,8.3285,7.3601,3.2956,3.954,4.0969,3.6917,3.3206,3.5479,4.057,3.7859,2.9434,2.5095,2.8687,2.8304,3.9458,3.5007,5.032,5.4182,3.9725,3.6598,3.14,2.2613,2.3148,3.4149,
8.301,7.5693,3.2913,3.0706,2.687,3.2566,3.4421,5.329,6.615,6.3935,4.4199,2.8302,2.62,2.7493,3.0175,2.5427,2.5444,3.4004,2.2658,2.0665,2.7112,2.9621,4.0451,4.9824,4.7208,4.3826,4.0142,3.0975,3.1292,2.6085,3.2221,3.6031,3.7365,3.2725,3.2718,3.0629,2.5447,3.1,4.7253,7.7766,8.3353,7.4219,3.546,3.754,3.0297,3.4237,3.2552,3.5698,4.132,3.9778,3.3615,3.1196,3.3373,2.6793,3.7821,4.0638,5.2639,5.3805,3.8785,3.2246,2.7247,2.4664,2.7252,2.9663,
8.3019,7.5772,2.942,3.5362,3.4026,3.7462,3.8482,5.158,6.5932,6.4659,4.7644,3.017,2.7501,2.8938,3.294,3.0397,2.1795,3.1125,2.8697,2.8485,2.6038,3.5231,4.3045,5.0772,4.3945,4.5277,4.0803,3.3212,2.8475,3.01,3.1674,2.4965,3.4531,2.87,3.8598,3.3364,3.6672,3.4427,4.9605,7.8124,8.3318,7.3739,3.1697,3.9257,3.9107,3.7006,3.2941,3.6586,4.0933,3.0791,3.152,3.4969,2.2271,3.6232,3.7654,4.2754,5.1404,5.467,4.1988,3.3425,2.7164,2.9486,3.4466,3.1004,
8.3031,7.572,3.2694,2.7139,2.966,2.606,3.6159,5.2591,6.5922,6.463,4.5375,3.3326,2.9031,2.8328,3.1287,2.2225,2.5081,3.2246,2.6778,2.9798,2.9087,2.8461,4.338,4.9526,4.6606,4.4093,4.1629,3.3879,2.7962,3.3948,2.6614,3.7247,2.8727,3.3126,3.3164,3.5684,2.8063,3.5588,4.8916,7.8067,8.332,7.3821,3.7537,3.569,3.0378,3.6465,2.9757,3.6833,3.7068,3.8763,2.9039,3.2215,1.9759,3.4375,3.9815,4.2928,5.2235,5.413,4.2498,2.7824,3.1012,2.081,2.3236,2.7899,
8.3052,7.5671,3.6219,3.4483,3.0188,2.9079,3.8433,5.1547,6.5913,6.4477,4.7372,2.526,2.8212,2.6665,2.5233,2.7198,2.2005,3.0584,2.7511,2.6565,2.3669,2.8317,4.1538,5.0462,4.4495,4.4906,4.0626,3.363,2.8383,2.7694,3.0002,3.2758,2.9741,2.9305,3.0838,3.3441,3.3609,3.3975,4.9526,7.8093,8.3315,7.3754,2.6941,2.6415,3.5811,3.5131,3.5812,3.3453,3.7999,3.7972,2.9647,3.1973,2.5321,3.5429,3.7903,4.3252,5.155,5.4461,4.108,3.2788,3.1509,2.9701,2.9479,3.3455,
8.3026,7.5781,3.4106,3.3427,3.2354,2.5402,3.8736,5.3408,6.6179,6.426,4.5249,3.1883,2.6844,2.0195,2.8948,2.2807,2.4462,3.0768,2.9083,2.4632,2.5739,1.1266,4.1793,5.0405,4.7465,4.5656,3.9342,3.3824,2.6117,3.1306,2.1001,1.7312,3.6724,2.9836,3.0766,1.3741,3.9463,3.4512,4.5502,7.7882,8.3349,7.4133,3.5423,3.0397,4.0519,3.5039,2.0304,2.9311,4.1727,1.4415,2.34,3.6038,3.1082,3.0594,4.0302,4.2518,5.3409,5.3934,4.2723,3.0669,2.7776,2.9116,1.5676,3.285,
8.3073,7.576,4.0615,3.9244,4.1092,3.4787,3.4643,5.0067,6.5731,6.4123,4.193,3.682,2.2081,3.4883,3.5262,3.0959,2.8195,2.3088,2.777,2.9376,1.3187,2.9282,3.9752,5.0223,3.8678,4.4368,4.165,3.0477,2.979,1.0634,3.5362,3.4935,2.6403,3.4971,3.6257,4.0015,3.2455,3.3965,4.223,7.7977,8.3307,7.3863,2.5296,3.2147,4.0487,4.0948,4.0261,3.1183,3.2037,3.2746,3.7979,3.3564,3.4134,3.4102,4.0988,3.8907,5.0959,5.3991,3.7579,3.5904,2.7355,1.9019,3.5829,2.9574,
8.305,7.5674,3.5893,3.1044,2.7881,2.74,3.8839,5.3193,6.6122,6.4298,4.3695,3.3465,2.6378,3.2413,2.5333,2.4179,2.9133,2.6753,3.2711,2.7625,3.0117,1.9832,4.1035,5.008,4.6247,4.5167,3.9913,3.4318,1.2662,3.1243,2.9299,3.7888,2.0204,2.8511,2.8007,3.6469,0.8442,3.1151,4.4085,7.7914,8.334,7.4085,3.7516,2.9594,2.8768,3.6734,3.6315,3.2911,3.2872,4.1419,2.4476,3.1147,2.526,3.4077,3.8823,4.0638,5.3071,5.374,4.1539,3.307,3.0161,2.0885,3.1906,2.0349,
8.3037,7.5703,2.16,3.0157,3.0346,2.1162,3.8436,5.1324,6.6079,6.4064,3.9645,2.7775,2.9969,3.1751,2.8597,2.9436,2.8805,3.0298,3.0517,1.8896,2.7189,3.5278,3.969,4.9524,4.2787,4.4503,3.4017,3.398,2.7154,3.1738,2.9694,3.7796,2.8458,3.482,2.339,3.4375,3.4709,3.0988,4.4664,7.7808,8.3346,7.4098,3.9198,2.7478,3.771,3.3214,2.9336,3.7222,3.7049,3.9209,2.4615,3.1236,2.7096,2.4703,3.5375,3.8402,5.205,5.3406,3.6148,3.1991,2.8298,2.8533,2.8915,2.4378,
8.3018,7.5729,1.3043,2.4837,2.7845,2.3684,3.7514,5.4114,6.6276,6.395,4.3267,2.5342,2.2554,2.9733,2.4534,2.9486,2.7478,3.0725,2.366,2.8962,2.9648,3.1299,3.9007,5.0422,4.7896,4.6379,3.8078,3.2413,2.8155,3.1981,2.896,2.9195,3.4261,2.5368,3.1806,3.4899,1.9649,2.9449,4.6939,7.7787,8.3356,7.4229,3.4739,3.5391,2.88,3.4528,3.2098,2.9586,4.0308,3.5886,3.3145,3.1295,3.0346,2.6969,3.5119,4.5086,5.2822,5.4052,3.7449,3.2275,2.8128,3.0046,2.6393,2.8831,
8.3037,7.5675,3.8483,3.0665,3.1993,2.4496,3.9519,5.3481,6.6202,6.4192,4.5504,0.7178,2.3763,3.0726,2.5627,2.1705,2.6324,3.029,2.6191,3.0932,1.7138,3.2453,3.987,5.0063,4.6714,4.6045,3.8416,3.2903,2.9856,2.9276,3.1132,3.5463,3.1321,2.7399,3.2059,3.3487,3.456,3.3715,4.739,7.789,8.3344,7.4096,3.8069,2.9192,3.6868,3.3877,3.6847,3.238,3.9212,3.9205,3.1379,2.9002,2.672,3.3539,3.5283,4.4406,5.2312,5.4132,3.9904,3.167,3.0792,3.1673,2.9349,3.1503,
8.3021,7.5702,2.0021,1.0555,1.6924,3.3135,3.5499,5.3366,6.6072,6.4319,4.5632,2.9172,3.4164,2.5352,2.9912,1.7545,3.303,3.0148,2.201,3.0939,2.4925,3.299,4.2504,5.0002,4.7775,4.2614,4.2625,2.8429,3.3515,3.2528,1.806,3.8792,3.2701,2.6693,2.4681,2.219,3.6877,3.7823,4.7826,7.7926,8.3342,7.4041,3.7558,3.2177,3.5132,2.6996,2.4342,2.4181,4.0,3.8754,2.7547,2.7446,3.245,2.7271,4.0264,4.2015,5.2569,5.4398,4.0226,3.4054,2.9081,2.7691,2.7015,3.1535,
8.3027,7.5726,2.6161,2.2332,2.4857,3.2423,4.0805,5.0471,6.5736,6.4687,4.5413,2.9263,2.8557,3.0423,2.9311,2.9498,2.4852,3.3789,1.7358,2.2608,2.0848,3.321,4.1856,4.9998,4.325,4.2968,4.1637,3.2686,0.7608,2.586,3.1045,3.6349,3.4389,2.9111,3.1353,3.6485,3.262,3.3655,4.7246,7.8137,8.3304,7.3663,3.964,3.3017,3.3949,3.5054,3.4451,3.5126,3.957,3.959,3.3375,2.7476,1.9866,3.0712,4.1173,3.7544,5.118,5.4501,3.9395,3.5204,3.0761,2.4393,2.3297,3.4833,
8.2999,7.5711,2.4338,2.7385,3.0428,2.8742,3.509,5.3201,6.6115,6.4018,4.441,2.7516,2.632,2.637,2.2496,2.3726,2.544,2.9777,2.8662,2.7361,1.3129,3.0965,3.8903,4.9469,4.6346,4.5052,4.1142,2.8403,3.2863,2.7951,2.7954,1.9155,3.6871,2.7154,3.1888,3.4308,3.2372,2.9647,4.7646,7.7869,8.3341,7.4075,3.3058,3.4995,3.6368,3.4959,3.7247,2.178,4.3473,3.2954,3.5597,2.8085,3.4414,2.2433,4.0455,4.0791,5.2525,5.3217,4.1295,3.3727,2.5989,2.2283,3.2316,2.7452,
8.303,7.5718,3.1301,2.6767,2.4305,3.2996,3.9282,4.9295,6.5559,6.4859,4.5291,3.0761,3.1406,3.3985,2.8182,3.0101,3.2833,1.5362,3.121,2.9698,2.9918,2.7212,4.1936,5.0519,3.7189,4.3084,4.2836,3.1439,3.0032,2.9857,3.4098,3.6283,3.5965,3.0372,3.1698,4.0441,3.5558,3.4136,4.7791,7.8233,8.3281,7.3516,4.1415,3.687,3.5636,3.7839,2.6481,2.9101,3.9857,3.8086,3.1344,1.0531,2.6107,2.9413,4.0861,3.3838,5.0594,5.4574,4.166,2.6808,2.8703,2.3721,2.7041,1.3667,
8.3042,7.5719,3.0476,2.6746,2.9134,3.3096,3.7329,5.2137,6.5817,6.4695,4.6804,3.1168,2.7174,3.0201,2.4986,2.2969,2.8,3.2542,2.5065,3.3929,2.0774,2.3425,4.4941,4.9958,4.613,4.3492,4.2655,2.2452,2.612,3.3416,2.4541,3.67,3.1414,3.1114,2.7877,3.418,3.4332,2.5292,4.9769,7.8123,8.3313,7.372,3.7417,3.023,3.7549,3.5556,2.6686,3.6402,3.7133,3.9575,2.6602,3.2151,2.4989,3.117,3.9227,4.1717,5.1939,5.4333,4.3969,3.2431,0.8305,3.2496,2.3661,3.0435,
8.3041,7.5645,3.4674,2.6913,3.4757,2.5004,3.8592,5.0776,6.5863,6.447,4.666,2.7141,3.2011,1.9108,2.4475,3.258,3.3873,2.6753,2.1455,2.7087,2.8851,2.3464,4.1712,4.9647,4.4002,4.553,3.9277,2.8508,2.8934,2.7773,1.7412,3.6931,2.666,3.6224,2.2611,3.3731,3.9191,2.7091,4.893,7.8053,8.3317,7.3775,3.7066,3.2208,3.994,3.5219,3.3874,3.8305,3.5529,4.0586,2.627,3.1541,3.2885,2.8648,3.9302,3.943,5.2359,5.3751,4.3369,3.2461,2.281,3.0976,2.5528,2.7033,
8.3044,7.5707,3.0766,3.2531,1.6968,3.5577,4.0597,5.1169,6.5797,6.4727,4.5748,1.4169,2.4995,2.8103,3.2946,1.574,3.0359,3.1509,2.4773,2.8226,3.1231,3.1637,4.4007,4.9819,4.516,4.4432,4.1518,3.4985,2.7124,3.3625,2.0373,3.7888,3.1092,3.1053,3.1955,3.2228,2.9799,2.8864,4.9622,7.8149,8.3311,7.3659,4.214,3.8622,3.2527,3.7933,2.7912,3.7283,3.6237,4.0041,2.6762,3.3665,2.29,3.5527,3.7944,4.1532,5.186,5.4292,4.3153,2.9601,3.2716,2.6282,3.144,2.7952,
8.3014,7.5751,2.3996,2.113,3.3131,2.3414,3.9254,5.277,6.5954,6.4393,4.5489,2.4182,2.3146,2.8466,2.498,1.7274,2.2773,2.7226,2.6056,2.2734,0.9613,2.496,4.1683,4.9728,4.6202,4.5225,4.0342,2.6998,3.0796,2.8061,2.8243,2.3561,3.8204,2.6729,2.9933,3.351,3.4796,3.39,4.6894,7.8009,8.3321,7.3911,3.4837,3.251,3.7479,3.4384,3.3869,2.4002,4.3007,2.775,3.1713,2.8712,3.465,0.4658,4.1108,4.1088,5.2488,5.3805,4.4236,2.3944,2.1477,2.3944,2.7032,2.9951,
8.3022,7.5733,3.0746,2.1528,2.8426,2.7786,3.8885,4.9948,6.5749,6.4516,4.3836,2.9903,2.9613,2.9723,2.8033,2.9658,2.2583,3.4561,2.8569,1.6586,2.8277,3.2648,4.2471,5.0344,4.0862,4.3325,4.1451,3.443,2.7318,2.51,3.1012,3.742,3.4662,3.162,3.2721,3.4928,3.3123,3.4088,4.6129,7.8076,8.3312,7.3744,3.5883,3.5758,3.4136,3.4665,3.5695,3.3494,3.9545,3.8967,3.0766,3.1521,1.5162,3.009,4.1989,3.3325,5.0762,5.4542,3.9122,2.9075,2.8686,2.609,2.6816,3.3889,
8.3027,7.5689,3.0734,2.6161,2.5523,3.3817,3.7154,4.9104,6.5367,6.505,4.8385,3.5441,3.0038,2.6356,3.3852,2.3919,3.4023,1.619,3.1576,2.9485,2.8971,3.453,4.252,5.0062,3.6711,4.3091,4.2684,3.1093,3.356,3.4445,3.1006,3.6777,3.224,3.3938,3.9333,3.3429,3.159,3.9113,5.2124,7.8368,8.326,7.3287,4.4395,3.7887,3.1461,3.0333,3.7593,3.6569,3.922,3.906,2.7202,3.1157,3.0745,2.8492,4.1018,3.5824,4.9628,5.4414,4.4104,3.0917,2.0371,2.2773,2.5723,2.8968,
8.3013,7.5748,2.7799,3.3994,2.3634,3.2394,3.7971,5.2827,6.603,6.4314,4.6838,2.2723,2.617,2.7809,0.2753,2.3332,2.528,2.5178,2.0833,2.6948,2.9638,3.2709,4.1589,5.0148,4.5663,4.6163,4.0442,3.331,3.281,2.3973,3.3424,2.5509,3.6379,3.0778,2.0926,3.7389,3.3471,2.686,4.8973,7.7992,8.3329,7.3936,3.2901,2.9933,3.4791,4.0572,1.3401,3.5392,4.1635,3.3292,3.4852,2.8521,3.2553,3.3929,3.6959,4.4192,5.1866,5.4265,4.1198,3.0716,3.0435,3.1678,2.7321,2.651,
8.3061,7.5685,3.5277,3.4828,2.7937,3.4513,4.1188,4.9777,6.5717,6.4683,4.6626,3.613,1.4186,2.7322,1.5017,3.0416,2.6191,1.7723,2.6646,3.0866,2.8878,0.56,4.4267,4.9613,4.1742,4.5128,4.0744,3.4938,2.8845,2.6658,3.1848,3.5471,2.9131,3.5363,2.4926,2.9993,2.9359,3.4221,4.9066,7.8186,8.3297,7.3587,4.0289,3.9559,3.306,3.422,3.3239,3.6557,3.3568,3.8746,3.2929,3.0303,2.2244,3.4861,3.9216,3.6523,5.1444,5.3956,4.3669,3.2227,2.2266,3.1625,1.9693,0.8283,
8.3009,7.574,2.2863,2.8432,2.1841,3.1591,3.7559,5.055,6.5745,6.4515,4.6464,3.0131,2.2803,2.2858,2.144,2.7411,2.6339,2.7055,2.4086,0.1156,1.8694,2.5898,4.0709,4.9703,4.2425,4.3339,4.1355,2.5555,2.0501,3.1417,2.5403,2.1788,3.6956,2.9618,3.3315,2.8971,3.5641,2.7953,4.9252,7.8113,8.3304,7.3671,3.8289,3.4225,3.671,3.5096,3.7247,2.1239,4.2761,2.9324,3.175,3.3707,2.1535,3.0897,4.015,3.6028,5.1472,5.3813,4.2387,3.3028,1.8947,2.7953,2.772,2.5273,
8.3051,7.5693,3.6684,2.9068,3.2405,2.9109,3.6495,5.0817,6.5684,6.4643,4.8139,3.3483,2.9005,3.0856,3.3679,3.2944,2.3428,3.0068,2.7648,2.74,2.2578,3.2747,4.0759,5.0093,4.4625,4.551,3.8733,3.3033,1.6419,3.2924,2.1446,3.4982,3.1031,3.9513,3.3684,3.8971,2.5718,3.8232,5.1132,7.8172,8.3299,7.3613,4.1124,3.7799,2.7502,3.794,3.1526,3.6568,3.9765,3.6859,2.8759,3.2448,2.7146,3.2152,3.6884,4.2283,5.114,5.4511,4.1243,3.5233,2.1168,3.3574,3.1388,3.3349,
8.3055,7.5723,3.3509,2.8126,3.0491,3.6799,4.0858,4.7746,6.5316,6.5072,4.799,2.4437,3.1511,2.8726,3.3547,3.097,3.2496,3.397,2.8404,2.7002,2.332,2.8298,4.5275,4.9445,4.0902,4.4944,4.2459,3.3695,2.615,2.8327,2.6395,3.8234,2.9336,3.5606,3.3425,3.4478,3.4399,3.271,5.1402,7.8391,8.3261,7.3214,4.467,4.069,3.6294,3.6334,3.5262,3.7706,3.4236,4.0555,3.0698,3.2299,3.0773,3.6674,3.923,4.0138,5.0805,5.4453,4.5457,2.6226,3.0675,2.3244,3.2685,2.2188,
8.3033,7.5659,2.9274,3.3428,2.4754,3.4057,3.6174,5.1273,6.567,6.4602,4.5687,2.6643,3.1409,2.5547,3.4145,2.6287,3.4934,3.1423,2.8767,2.6366,2.7461,3.0533,4.3604,4.9429,4.4696,4.508,4.0835,3.2225,2.5625,3.2747,1.3653,3.8428,2.1743,3.534,3.502,3.1949,3.5155,3.2694,4.8467,7.8145,8.3296,7.3668,3.5411,2.6434,3.4636,3.5362,2.9312,3.9146,3.8765,4.1332,1.456,2.7764,2.9927,3.2092,3.7381,4.1063,5.1741,5.41,4.2579,2.4172,2.8597,1.9901,2.9332,2.889,
8.3035,7.5715,3.0015,2.3661,2.4647,2.8299,3.8189,5.213,6.5698,6.4614,4.5622,2.3352,3.2071,2.2381,3.1028,1.6622,3.2314,3.0042,2.4897,2.8718,3.0041,2.5301,4.3843,4.978,4.681,4.4009,4.2958,2.1498,3.1862,3.1437,2.6836,3.3826,3.3638,3.0196,3.243,3.0718,3.4486,2.8896,4.8357,7.8118,8.3302,7.3738,3.4673,1.9929,3.6811,3.325,3.1448,3.4513,3.628,3.8525,2.9079,3.1828,3.1786,2.1387,3.9974,4.1915,5.1887,5.4284,4.2946,2.7951,3.1028,2.3626,2.7413,2.22,
8.3056,7.5699,3.2053,3.3153,3.1263,2.6655,3.7458,4.8875,6.5594,6.4819,4.6002,3.4715,2.7133,3.2813,3.18,1.9156,3.3447,2.6194,2.4427,3.0137,3.3172,1.6035,4.2895,4.9913,3.8232,4.3705,4.1404,1.7637,3.453,2.9566,2.6581,3.1023,3.3197,2.9636,3.3015,3.7074,3.1995,3.871,4.9706,7.8243,8.329,7.3479,4.358,3.3987,3.5937,3.5964,3.1908,3.3791,3.8988,3.389,3.0423,,2.8442,2.5594,4.1863,3.2273,4.9937,5.4535,3.9699,2.9502,3.3931,3.3375,3.1258,2.495,
8.3032,7.5651,3.5173,3.3829,3.0389,3.4312,4.0681,5.1191,6.5879,6.4247,4.6708,3.6033,3.1161,3.1356,2.3793,2.8615,3.1467,2.9549,3.2433,2.0583,3.0856,2.5893,4.178,4.9851,4.6123,4.5737,3.8293,3.1627,1.7956,2.3535,2.8355,3.6425,2.9398,3.4072,2.7858,3.3804,3.0056,3.8691,4.9689,7.7977,8.3322,7.3871,4.0519,4.0211,2.7212,3.6714,3.4579,3.7159,3.7767,4.1645,2.9656,3.1573,3.0314,3.2827,3.9316,4.1882,5.2696,5.3473,4.2381,3.0687,3.0357,2.7421,3.1087,2.834,
8.3051,7.5764,3.4187,2.277,1.5832,2.4441,4.0895,5.0197,6.5856,6.4326,4.3563,2.1306,2.8643,3.3668,1.9541,3.5341,2.346,3.7673,1.9455,3.1889,3.0342,2.6913,3.9447,5.0761,4.0207,4.3148,4.0289,3.2893,3.1598,3.2362,2.2673,3.6478,3.2903,3.676,2.2981,3.5073,3.235,3.0085,4.8446,7.7969,8.3321,7.3854,4.4627,3.3755,3.2697,3.3175,2.3462,3.2953,3.9209,3.7689,2.5181,2.5579,2.1552,2.5868,4.0474,3.584,5.1522,5.4138,3.8593,2.1959,1.8438,3.1495,2.6219,3.3408,
8.3004,7.5733,2.231,3.3915,2.8833,2.2001,3.3406,5.0234,6.5687,6.4759,4.8792,3.1678,2.063,3.1255,2.2601,2.8518,2.698,3.2921,1.6667,2.5559,2.1817,3.1611,4.389,4.9751,4.3663,4.2612,4.0307,3.1285,2.5478,2.9234,3.307,2.9915,3.7204,3.3933,2.4241,3.9528,3.4388,3.8088,5.1939,7.8237,8.3295,7.3493,4.1843,3.603,3.6194,4.086,3.0417,2.6064,4.3538,3.2273,3.3392,3.3181,2.847,2.027,4.0749,3.5903,5.1584,5.3954,4.473,1.8105,2.8017,1.8706,2.5651,3.1135,
8.3025,7.5694,2.6457,2.9495,2.7565,2.1531,3.6563,5.2683,6.5995,6.4153,4.3662,2.9708,3.4321,2.1575,3.1748,2.9006,3.2512,2.8154,2.9618,2.6833,2.7576,2.8675,4.1364,4.9361,4.717,4.4679,3.9461,3.2728,2.8006,2.5429,3.3985,2.5904,3.9638,0.8622,3.9283,2.5269,3.8376,3.4113,4.8716,7.7894,8.3334,7.3998,4.0882,3.1692,3.8931,2.196,3.9854,3.107,4.3434,3.3391,3.3096,2.3289,2.4369,3.0833,3.6457,4.2055,5.2545,5.3614,4.0626,2.3417,3.0069,2.6727,0.7046,3.1912,
8.3076,7.5712,3.7724,3.03,3.0543,3.1002,4.0411,5.0264,6.5846,6.4597,4.6411,3.4939,3.5524,2.0652,2.4241,3.0349,3.0978,2.3269,2.4528,3.491,2.7406,2.9186,4.2862,4.9605,4.2679,4.4409,3.7726,2.9825,3.2967,2.9001,3.3448,3.3115,2.5507,3.2594,2.8747,3.2739,4.1008,3.7701,4.7652,7.811,8.3305,7.368,3.4229,3.6653,3.8549,3.3469,3.6705,3.3585,2.8955,3.8661,3.3214,1.8077,3.0381,2.8456,3.9158,3.7085,5.1873,5.3895,4.3379,3.5191,2.4849,3.1775,2.4897,2.3482,
8.2993,7.5701,3.1273,2.7509,3.0264,2.7481,3.3685,5.1309,6.6053,6.4031,4.5914,2.7039,3.0362,3.1469,1.8396,2.3196,1.4202,2.8348,1.3208,1.6734,1.9078,2.9664,4.0246,4.9767,4.5021,4.278,3.9287,1.568,2.2207,3.0566,2.7638,3.1982,3.8369,2.5517,3.1809,2.7514,3.964,3.2252,5.029,7.7906,8.3335,7.3927,4.3128,3.1522,4.0809,2.6085,3.5988,2.6107,4.4287,3.7243,3.6118,3.3116,2.8108,2.8856,3.8491,3.5811,5.2356,5.3478,4.0913,3.3202,2.6312,3.0393,2.3315,2.0815,
8.3051,7.5671,3.6357,3.322,2.9835,3.4682,3.6284,5.1816,6.611,6.4161,4.3196,3.484,2.6826,1.2662,2.4593,2.7827,0.6083,2.5934,2.9117,2.5785,3.1587,2.7947,3.6286,4.9626,4.1898,4.447,3.9918,2.7612,2.8892,3.5773,2.8788,3.5203,2.5322,3.2492,2.8941,3.3017,2.815,3.6211,4.2068,7.7891,8.3333,7.4025,3.5931,3.3115,2.9384,3.5553,3.3325,3.583,3.7298,3.8716,2.9561,3.3784,2.7928,3.4979,3.7718,4.0866,5.1774,5.376,3.8521,2.8407,3.1105,2.6423,3.0315,3.0247,
8.3036,7.5722,3.2663,2.8508,2.9118,3.2821,3.7071,5.2098,6.578,6.4827,4.7561,3.2559,2.3354,3.3023,2.2553,3.2692,3.0042,1.6355,2.9629,2.7277,2.823,2.3497,4.4926,4.9594,4.6059,4.33,4.2746,2.1263,3.1653,2.8537,3.2003,3.0823,3.6878,3.3357,3.0156,3.5483,3.1492,3.4036,5.0794,7.8167,8.3304,7.3659,4.2471,3.1198,3.4978,3.2154,3.5095,2.7694,4.1721,3.4504,3.0466,3.0614,2.9518,3.237,4.0771,4.2408,5.1786,5.4256,4.3407,3.2251,2.3594,2.8923,2.5429,2.5078,
8.3018,7.5715,2.7838,2.3977,2.8072,2.3324,3.9835,4.9359,6.582,6.4519,4.5735,2.4953,2.972,3.0667,2.5703,3.3831,2.4301,3.4796,1.7959,2.8555,2.7853,2.8488,4.1113,5.0091,3.9515,4.4781,4.0869,3.349,1.8932,2.5759,2.9434,3.625,3.3259,3.3425,2.7225,3.6318,2.9352,2.642,4.9219,7.8083,8.3314,7.3681,4.2864,3.3519,3.2538,3.5272,3.5031,3.4662,4.0677,3.8546,2.6149,3.1659,2.3066,3.2679,4.0822,3.4952,5.1039,5.4372,3.8718,2.6551,2.8717,2.965,1.3259,3.551,
8.3036,7.5687,3.4736,2.3387,3.3744,3.22,4.1225,4.8072,6.5632,6.4953,4.7322,2.7906,3.1769,1.5694,3.3794,2.3058,3.2427,3.0587,2.9859,2.8931,1.7927,2.5125,4.5153,4.9894,4.0088,4.6468,4.223,3.0054,3.1753,2.664,2.5932,3.7362,2.3012,3.1611,3.2909,2.8823,3.6305,2.657,5.1115,7.8291,8.3292,7.3376,4.5537,3.8581,3.8627,3.268,3.3694,3.6698,3.5023,4.077,3.0836,3.0644,3.5011,3.4553,3.9094,4.1273,5.1192,5.42,4.4497,3.2242,2.4481,2.7204,3.4135,2.6312,
8.3034,7.5708,2.5043,2.5162,2.6848,1.5445,3.8196,5.0642,6.579,6.4366,4.3478,2.0061,2.6409,3.2175,3.0866,2.207,2.9912,3.1193,2.8589,2.8989,2.9297,3.2474,4.1919,4.9158,4.1187,4.5085,3.8049,3.1517,3.2801,2.5102,3.2532,2.6017,3.6954,2.4821,3.4647,3.5389,3.4964,2.938,4.7192,7.801,8.3312,7.3804,4.0501,3.3398,3.6566,2.9943,3.3142,2.5798,4.12,3.3048,3.3099,1.7239,3.127,2.4772,3.6262,3.9064,5.1499,5.3709,4.0427,3.1578,2.3301,3.0409,2.5918,2.553,
8.3028,7.5678,3.2655,2.9244,3.0295,0.8887,3.1147,5.2667,6.6158,6.3637,3.4576,3.4603,3.1195,2.7517,2.2043,3.0638,3.2325,2.7902,3.1208,2.2452,2.0037,3.5485,3.5997,4.8561,4.4249,4.3443,2.9886,3.3574,3.3551,1.8755,3.3844,3.5512,2.8709,3.5051,2.3612,2.9213,3.6983,3.6223,4.0669,7.7651,8.3355,7.4307,3.3217,2.629,3.8111,3.2492,3.3239,3.7602,3.8697,3.9762,3.3402,1.8823,3.5686,2.6446,3.0979,3.6457,5.2703,5.2853,3.5179,3.5967,2.3947,2.8365,2.8132,2.647,
8.3014,7.5743,2.2382,2.6322,3.1748,1.6661,3.7832,5.2037,6.5896,6.4404,4.7294,3.0482,2.666,2.9088,2.0334,3.3744,1.4852,3.1275,2.6983,2.6185,2.4516,2.896,4.0217,5.0059,4.4531,4.4236,3.7111,3.2818,1.3667,3.0671,2.406,3.3188,3.4714,3.134,3.1838,3.6879,3.2528,3.7393,5.1344,7.8065,8.3316,7.3769,4.4045,3.6862,3.5048,3.7963,3.0338,3.3229,4.1138,3.5826,2.8605,3.0219,3.1448,3.2375,3.7004,4.2378,5.152,5.4489,4.0254,3.2672,2.7741,3.077,2.9147,3.2532,
8.3042,7.5683,3.5657,3.2138,3.1543,2.2952,3.8331,5.1014,6.5978,6.4156,4.2229,3.3569,2.8617,3.2983,1.7933,3.0834,2.924,3.0528,2.7631,1.7328,2.6987,3.0602,4.0086,4.9088,4.2453,4.4595,3.329,2.5015,3.1931,2.6283,2.6279,3.8269,2.8331,3.5893,1.5825,3.9574,3.0624,3.6414,4.5257,7.7901,8.3328,7.3971,4.2124,3.4288,3.0679,3.9049,2.7732,3.758,3.8118,4.0164,3.1352,2.4959,3.1999,2.4844,3.4992,3.5937,5.1966,5.3355,3.9601,3.2161,2.8699,1.1522,2.598,2.1726,
8.3053,7.5701,3.5475,2.5936,3.2572,3.2778,3.8259,5.149,6.5827,6.4433,4.4111,2.1704,2.8118,3.2239,2.8763,2.881,2.916,3.2928,2.1603,2.4921,3.0694,2.9437,4.3326,4.9578,4.5137,4.5463,3.9026,3.1002,2.8134,2.789,2.8266,3.8172,2.3047,3.0914,3.6004,3.2692,2.7441,3.3355,4.7861,7.8047,8.3311,7.3792,4.0988,3.8754,3.2096,3.2302,3.5072,3.3742,3.5701,4.03,2.8289,3.0023,3.0022,2.9081,3.5533,4.0211,5.195,5.3945,4.2176,2.4694,2.9289,2.8726,2.0607,2.7345,
8.3014,7.574,3.234,3.4574,3.301,2.6775,3.3925,4.9974,6.5678,6.4797,4.8917,3.2497,3.0618,2.4327,2.5475,2.7621,2.5683,3.3072,2.5597,2.5053,2.7918,3.5227,4.3619,4.9919,4.3492,4.3073,4.2921,3.1612,3.3406,2.0119,3.6762,3.2293,3.6794,3.2004,2.7102,3.4437,1.9413,3.9076,5.2367,7.8257,8.3295,7.3447,4.2826,3.6901,3.515,3.6989,3.7202,3.0065,4.2694,3.2662,3.7808,3.1088,3.486,2.4267,4.1669,3.5897,5.1317,5.3902,4.4417,3.5578,3.1041,2.9065,2.9081,3.0738,
8.3028,7.5692,3.0522,3.0482,1.9931,2.9372,3.5733,5.0956,6.5541,6.4802,4.7704,3.5261,2.3009,3.434,1.694,3.2469,3.2677,2.5276,2.8846,2.2085,2.9506,2.8458,4.4342,4.9715,4.5084,4.274,4.2866,2.6021,2.9736,2.9836,3.2451,2.8309,3.6965,3.5114,2.6063,3.6505,1.533,3.527,5.0324,7.8228,8.3288,7.3525,3.412,3.251,2.9146,3.4338,3.369,3.3177,4.2802,3.4232,3.0579,3.3307,3.196,3.3023,4.0841,4.0255,5.1172,5.4337,4.3486,3.5827,2.8866,3.0594,2.54,3.0389,
8.3023,7.57,2.797,2.0584,2.9249,2.5034,3.9139,5.0573,6.5824,6.4431,4.3638,2.8788,2.5427,3.2311,3.0915,2.796,2.6994,2.329,3.2847,2.6347,2.92,2.5337,4.1692,4.9402,4.1389,4.5845,3.8453,2.3984,3.3501,3.0234,3.6258,3.066,3.7808,3.0828,3.3711,3.4148,3.0549,2.8464,4.7114,7.8026,8.3314,7.3805,3.9836,3.2082,3.4113,3.3637,2.9555,1.9818,4.2665,3.6264,3.3154,2.9916,2.8019,2.6087,3.6442,3.8627,5.1433,5.3755,4.105,3.0824,2.7505,1.9803,1.7629,2.6343,
8.3037,7.5733,3.5355,1.9753,2.9301,3.1641,3.9331,5.2036,6.5796,6.466,4.7162,3.3458,2.353,3.3643,1.8842,3.4409,3.0812,2.5797,2.9177,2.5304,3.201,1.0207,4.3023,4.8882,4.5147,4.2592,4.0821,2.8982,3.3854,2.9253,3.2551,2.8228,3.5428,3.7754,2.9962,3.5501,2.6214,3.7366,5.112,7.8118,8.3307,7.3693,4.3326,3.6401,3.5358,3.4383,3.4321,3.2706,4.1417,3.3227,3.0507,3.0072,2.7039,3.4278,3.8157,4.0652,5.1452,5.4031,4.2609,2.6441,3.138,2.7187,2.9325,3.0465,
8.3039,7.5668,3.6377,3.1283,3.0026,2.9539,3.774,4.8399,6.5438,6.4991,4.7792,3.2042,3.2177,1.9686,2.5711,2.8138,2.6494,2.8607,2.8776,3.0709,2.552,2.09,4.4265,4.9559,4.0551,4.457,4.0584,3.0269,2.8704,3.0316,1.9364,3.945,2.9502,3.2472,3.2666,3.4716,3.5731,3.355,4.9744,7.8355,8.3268,7.3302,3.644,3.1686,3.6743,3.5991,3.8365,3.6408,3.7081,4.2751,3.1162,2.8768,3.2589,3.3874,3.8716,3.6364,5.1066,5.4164,4.541,3.226,2.211,2.9754,3.0731,2.0812,
8.3009,7.5698,2.4215,2.5141,1.8396,2.8474,3.9196,5.0303,6.5812,6.439,4.3118,3.1486,3.0746,1.8005,3.2093,3.2182,2.5787,3.3153,2.8719,2.555,3.0004,3.0948,3.939,4.9966,3.9342,4.4129,4.0236,2.9818,3.1939,2.9999,3.2119,3.1658,3.6333,3.7109,3.5941,2.6893,3.254,2.6989,4.5988,7.8009,8.3317,7.3822,3.8685,3.5691,3.436,3.0034,3.6725,3.9411,4.1735,3.6727,3.26,3.257,3.1177,2.9004,4.043,3.1603,5.0957,5.4429,3.6071,2.6404,3.1905,2.4953,2.9736,3.565,
